run_id,robot_model,injected_fault,severity,affected_joint,start_ts,duration_s,shoulderPitch_q_range,shoulderPitch_qd_zcross,shoulderPitch_tau_maxabs,shoulderRoll_q_range,shoulderRoll_qd_zcross,shoulderRoll_tau_maxabs,shoulderYaw_q_range,shoulderYaw_qd_zcross,shoulderYaw_tau_maxabs,elbowPitch_q_range,elbowPitch_qd_zcross,elbowPitch_tau_maxabs
sim_0044,IndustrialArm_R6,TORQUE_SPIKE,low,elbowPitch,2026-05-19T14:03:40Z,0.2,0.00077,19,19.3365,0.0,17,6.7341,0.0,40,3.0685,0.0,24,21.5656
sim_0054,HumanoidArm_v1,TORQUE_SPIKE,medium,shoulderYaw,2026-05-19T14:04:30Z,0.2,0.0,18,18.1114,0.0,8,6.7776,0.00077,8,22.608,0.0,8,4.9816
sim_0072,HumanoidArm_v1,POSITION_DRIFT,low,elbowPitch,2026-05-19T14:06:00Z,0.2,0.00379,7,20.326,0.01007,9,7.4911,0.0,6,4.0012,0.00905,5,5.4273
sim_0079,HumanoidArm_v1,POSITION_DRIFT,low,shoulderYaw,2026-05-19T14:06:35Z,0.2,0.0,7,21.9751,0.008,13,2.7281,0.01473,5,3.1398,0.00544,8,3.8905
sim_0029,IndustrialArm_R6,JOINT_STUCK,medium,shoulderRoll,2026-05-19T14:02:25Z,0.2,0.0,5,22.1837,0.0,0,15.1606,0.00307,2,6.5611,0.02945,5,3.178
sim_0006,IndustrialArm_R6,NOMINAL,none,none,2026-05-19T14:00:30Z,0.2,0.0,11,19.3317,0.0,13,6.7143,0.00075,29,3.0657,0.0,21,5.1378
sim_0118,HumanoidArm_v1,VELOCITY_OSCILLATION,medium,shoulderRoll,2026-05-19T14:09:50Z,0.2,0.00077,17,19.3408,0.0,17,6.7355,0.0,8,3.0751,0.0,17,5.1401
sim_0067,IndustrialArm_R6,TORQUE_SPIKE,high,shoulderPitch,2026-05-19T14:05:35Z,0.2,0.0023,4,201.1205,0.01232,9,10.7827,0.00632,1,6.2501,0.00392,8,5.086
sim_0074,IndustrialArm_R6,POSITION_DRIFT,low,elbowPitch,2026-05-19T14:06:10Z,0.2,0.00153,3,22.8192,0.00231,1,0.8349,0.00299,5,2.1207,0.04689,1,4.9624
sim_0112,HumanoidArm_v1,VELOCITY_OSCILLATION,medium,shoulderYaw,2026-05-19T14:09:20Z,0.2,0.00153,9,19.1136,0.0019,25,7.0727,0.0,14,2.9343,0.01299,2,5.0746
sim_0152,HumanoidArm_v1,SENSOR_DROPOUT,high,shoulderPitch,2026-05-19T14:12:40Z,0.2,0.0,3,22.3578,0.00433,10,0.7766,0.00149,5,2.7421,0.00963,1,5.0306
sim_0133,HumanoidArm_v2,SENSOR_DROPOUT,low,shoulderYaw,2026-05-19T14:11:05Z,0.2,0.00154,2,22.6813,0.0,5,0.6609,0.62126,10,2.5935,0.02283,1,4.9108
sim_0045,HumanoidArm_v2,TORQUE_SPIKE,low,elbowPitch,2026-05-19T14:03:45Z,0.2,0.00077,7,21.8014,0.00728,5,3.0015,0.00828,5,3.0574,0.00306,5,13.8756
sim_0150,HumanoidArm_v2,SENSOR_DROPOUT,medium,shoulderYaw,2026-05-19T14:12:30Z,0.2,0.0,11,18.1644,0.0,7,6.7341,0.00013,16,3.7701,0.0,15,4.9946
sim_0088,IndustrialArm_R6,POSITION_DRIFT,medium,shoulderRoll,2026-05-19T14:07:20Z,0.2,0.00077,3,21.0669,0.05103,9,6.8041,0.0,16,2.4989,0.00291,1,4.8308
sim_0142,IndustrialArm_R6,SENSOR_DROPOUT,medium,shoulderPitch,2026-05-19T14:11:50Z,0.2,0.00077,10,22.6146,0.00225,9,1.0966,0.00152,2,2.6927,0.01304,2,5.7161
sim_0024,HumanoidArm_v1,JOINT_STUCK,medium,shoulderPitch,2026-05-19T14:02:00Z,0.2,0.0,26,19.3277,0.0,21,6.7329,0.00033,13,3.0638,0.0,0,5.135
sim_0106,HumanoidArm_v1,VELOCITY_OSCILLATION,low,elbowPitch,2026-05-19T14:08:50Z,0.2,0.0,9,18.1985,0.0,7,6.713,0.0,1,3.8035,0.0,26,4.9878
sim_0147,IndustrialArm_R6,SENSOR_DROPOUT,medium,elbowPitch,2026-05-19T14:12:15Z,0.2,0.0,9,19.3461,0.0,12,6.7539,0.00064,19,3.0726,0.0,20,5.1336
sim_0161,IndustrialArm_R6,NOISE_BURST,low,elbowPitch,2026-05-19T14:13:25Z,0.2,0.00085,9,22.2736,0.0,11,15.2146,0.00097,3,6.1915,0.01183,15,3.2905
sim_0158,HumanoidArm_v2,SENSOR_DROPOUT,high,shoulderYaw,2026-05-19T14:13:10Z,0.2,0.00077,19,19.3297,0.0,19,6.7213,0.0,36,3.0685,0.0,29,5.1304
sim_0104,HumanoidArm_v2,VELOCITY_OSCILLATION,low,shoulderRoll,2026-05-19T14:08:40Z,0.2,0.0,12,19.3558,0.0,18,6.7556,0.00039,31,3.0769,0.0,21,5.1361
sim_0043,HumanoidArm_v2,TORQUE_SPIKE,low,shoulderYaw,2026-05-19T14:03:35Z,0.2,0.00077,6,22.8142,0.0,7,0.6779,0.00041,7,10.6012,0.02298,2,4.8601
sim_0030,HumanoidArm_v2,JOINT_STUCK,medium,shoulderPitch,2026-05-19T14:02:30Z,0.2,0.0,14,19.273,0.0,20,6.751,0.0,0,3.0818,0.0,21,5.1312
sim_0052,HumanoidArm_v1,TORQUE_SPIKE,medium,shoulderRoll,2026-05-19T14:04:20Z,0.2,0.00077,10,19.3205,0.0,11,40.4225,0.00075,27,3.086,0.0,23,5.1406
sim_0155,HumanoidArm_v2,SENSOR_DROPOUT,high,shoulderYaw,2026-05-19T14:12:55Z,0.2,0.0,18,19.3299,0.0,6,6.7423,0.00074,24,3.0866,0.0,22,5.1384
sim_0098,HumanoidArm_v1,POSITION_DRIFT,high,shoulderRoll,2026-05-19T14:08:10Z,0.2,0.0024,4,19.1707,0.14836,7,8.2188,0.00548,7,4.7228,0.02445,5,4.6988
sim_0110,HumanoidArm_v1,VELOCITY_OSCILLATION,low,shoulderPitch,2026-05-19T14:09:10Z,0.2,0.00214,25,21.0314,0.0196,12,9.7659,0.01462,8,5.6887,0.04241,9,5.0699
sim_0105,IndustrialArm_R6,VELOCITY_OSCILLATION,low,elbowPitch,2026-05-19T14:08:45Z,0.2,0.00153,7,20.9093,0.00077,30,6.7352,0.00071,5,2.5443,0.01157,18,4.6503
sim_0078,HumanoidArm_v1,POSITION_DRIFT,low,elbowPitch,2026-05-19T14:06:30Z,0.2,0.00077,6,21.6428,0.00231,25,3.2247,0.00377,6,3.0514,0.0225,3,2.812
sim_0180,IndustrialArm_R6,NOISE_BURST,medium,elbowPitch,2026-05-19T14:15:00Z,0.2,0.00077,11,21.3057,0.01248,13,6.6952,0.01029,1,3.9131,0.01334,17,4.4337
sim_0022,IndustrialArm_R6,JOINT_STUCK,medium,shoulderPitch,2026-05-19T14:01:50Z,0.2,0.0,0,18.1238,0.0,11,6.7384,0.00076,6,3.703,0.0,10,4.975
sim_0004,HumanoidArm_v2,NOMINAL,none,none,2026-05-19T14:00:20Z,0.2,0.0,19,19.3484,0.0,19,6.7157,0.00072,28,3.0733,0.0,14,5.1399
sim_0018,HumanoidArm_v2,JOINT_STUCK,low,shoulderYaw,2026-05-19T14:01:30Z,0.2,0.00139,9,22.0934,0.01067,11,1.5932,0.0,0,2.6547,0.01384,1,4.7255
sim_0036,HumanoidArm_v1,JOINT_STUCK,high,shoulderPitch,2026-05-19T14:03:00Z,0.2,0.0,12,19.3545,0.0,19,6.6957,0.00069,25,3.0913,0.0,0,5.1385
sim_0163,IndustrialArm_R6,NOISE_BURST,low,shoulderRoll,2026-05-19T14:13:35Z,0.2,0.00153,4,22.7421,0.12189,7,0.7364,0.00148,7,2.6099,0.01738,1,4.8368
sim_0073,IndustrialArm_R6,POSITION_DRIFT,low,shoulderRoll,2026-05-19T14:06:05Z,0.2,5e-05,7,21.9458,0.01277,1,13.3017,0.00075,11,2.8982,0.01492,1,2.9776
sim_0066,HumanoidArm_v2,TORQUE_SPIKE,high,shoulderYaw,2026-05-19T14:05:30Z,0.2,0.0,17,21.4583,0.00201,1,13.1254,0.00538,2,64.3291,0.00374,7,2.7529
sim_0184,HumanoidArm_v1,NOISE_BURST,high,shoulderPitch,2026-05-19T14:15:20Z,0.2,0.0,8,26.8435,0.00935,7,13.0841,0.00881,6,6.6979,0.00927,3,3.686
sim_0063,IndustrialArm_R6,TORQUE_SPIKE,high,elbowPitch,2026-05-19T14:05:15Z,0.2,0.00077,7,21.6285,0.00527,8,14.4129,0.0034,1,6.6909,0.01316,1,33.0106
sim_0149,IndustrialArm_R6,SENSOR_DROPOUT,medium,shoulderYaw,2026-05-19T14:12:25Z,0.2,0.0,3,21.7306,0.0049,15,7.9531,0.29036,1,1.7026,0.00077,13,3.3672
sim_0139,HumanoidArm_v2,SENSOR_DROPOUT,low,shoulderPitch,2026-05-19T14:11:35Z,0.2,0.20709,14,19.3642,0.0,21,6.7501,0.00072,26,3.0693,0.0,19,5.136
sim_0172,HumanoidArm_v1,NOISE_BURST,medium,shoulderYaw,2026-05-19T14:14:20Z,0.2,0.0,23,18.1291,0.0,9,6.6966,0.0,14,5.1878,0.0,17,4.981
sim_0046,HumanoidArm_v2,TORQUE_SPIKE,low,shoulderPitch,2026-05-19T14:03:50Z,0.2,0.0,8,94.6133,0.00362,9,0.4329,0.00422,2,2.2905,0.00998,1,4.8781
sim_0033,IndustrialArm_R6,JOINT_STUCK,high,shoulderPitch,2026-05-19T14:02:45Z,0.2,0.0,10,18.1604,0.0,10,6.6714,0.00077,19,3.721,0.0,0,4.9969
sim_0025,HumanoidArm_v1,JOINT_STUCK,medium,shoulderYaw,2026-05-19T14:02:05Z,0.2,0.0023,4,20.9501,0.01232,9,10.7827,0.0,0,6.2501,0.00392,8,5.086
sim_0177,IndustrialArm_R6,NOISE_BURST,medium,shoulderRoll,2026-05-19T14:14:45Z,0.2,0.00077,10,19.322,0.19502,7,6.7466,0.00075,6,3.0702,0.0,22,5.1286
sim_0028,HumanoidArm_v2,JOINT_STUCK,medium,shoulderPitch,2026-05-19T14:02:20Z,0.2,0.0,0,18.1166,0.0,8,6.733,0.00077,13,3.7707,0.0,22,4.9837
sim_0014,HumanoidArm_v1,JOINT_STUCK,low,shoulderPitch,2026-05-19T14:01:10Z,0.2,0.0,0,21.3493,0.00952,5,14.714,0.00079,4,4.3913,0.0219,1,2.833
sim_0189,IndustrialArm_R6,NOISE_BURST,high,shoulderYaw,2026-05-19T14:15:45Z,0.2,0.0,24,18.1238,0.0,11,6.7384,0.00076,6,4.9329,0.0,10,4.975
sim_0002,IndustrialArm_R6,NOMINAL,none,none,2026-05-19T14:00:10Z,0.2,0.0,26,19.3495,0.0,14,6.7362,0.00077,27,3.066,0.0,29,5.1419
sim_0188,IndustrialArm_R6,NOISE_BURST,high,elbowPitch,2026-05-19T14:15:40Z,0.2,0.0,9,19.3461,0.0,12,6.7539,0.00064,19,3.0726,0.0,24,5.1342
sim_0138,HumanoidArm_v2,SENSOR_DROPOUT,low,shoulderYaw,2026-05-19T14:11:30Z,0.2,0.0,39,18.0906,0.0,7,6.718,0.00077,24,3.7615,0.0,25,4.9777
sim_0109,IndustrialArm_R6,VELOCITY_OSCILLATION,low,shoulderYaw,2026-05-19T14:09:05Z,0.2,0.00076,1,21.8595,0.0065,9,2.2669,0.01217,13,3.2245,0.01918,1,4.3428
sim_0183,IndustrialArm_R6,NOISE_BURST,high,shoulderYaw,2026-05-19T14:15:15Z,0.2,0.00781,5,19.5429,0.00282,7,6.7725,0.00077,19,2.2686,0.03036,5,4.7539
sim_0061,HumanoidArm_v2,TORQUE_SPIKE,high,shoulderRoll,2026-05-19T14:05:05Z,0.2,0.00239,3,21.627,0.00768,5,60.4636,0.00299,6,3.0995,0.01376,1,5.4363
sim_0129,HumanoidArm_v1,VELOCITY_OSCILLATION,high,shoulderRoll,2026-05-19T14:10:45Z,0.2,0.00077,8,19.9751,0.00149,31,6.842,0.00051,7,2.6228,0.01309,11,4.8329
sim_0166,HumanoidArm_v2,NOISE_BURST,low,elbowPitch,2026-05-19T14:13:50Z,0.2,0.0,35,19.303,0.0,11,6.7734,0.00051,20,3.0785,0.0,24,5.1444
sim_0190,HumanoidArm_v1,NOISE_BURST,high,shoulderPitch,2026-05-19T14:15:50Z,0.2,5e-05,6,19.8777,0.00057,11,7.2316,1e-05,28,3.1165,0.01337,5,5.0131
sim_0127,HumanoidArm_v2,VELOCITY_OSCILLATION,high,shoulderRoll,2026-05-19T14:10:35Z,0.2,0.0,18,19.3723,0.0,28,6.7143,0.0,31,3.0793,0.0,22,5.1456
sim_0124,HumanoidArm_v2,VELOCITY_OSCILLATION,high,shoulderRoll,2026-05-19T14:10:20Z,0.2,0.00123,20,21.1026,0.01766,13,9.227,0.01839,28,5.4385,0.04013,3,4.9744
sim_0035,HumanoidArm_v2,JOINT_STUCK,high,shoulderPitch,2026-05-19T14:02:55Z,0.2,0.0,0,19.3577,0.0,12,6.7185,0.00065,24,3.0954,0.0,33,5.1454
sim_0107,IndustrialArm_R6,VELOCITY_OSCILLATION,low,elbowPitch,2026-05-19T14:08:55Z,0.2,0.00297,7,17.6053,0.00077,17,6.9193,0.0,8,2.9508,0.00639,29,5.2609
sim_0081,HumanoidArm_v1,POSITION_DRIFT,medium,shoulderPitch,2026-05-19T14:06:45Z,0.2,0.04951,28,19.3408,0.0,20,6.7539,0.00076,24,3.0703,0.0,28,5.1342
sim_0128,HumanoidArm_v2,VELOCITY_OSCILLATION,high,shoulderPitch,2026-05-19T14:10:40Z,0.2,0.00077,17,22.2362,0.00051,5,15.1606,0.00082,5,6.3999,0.02705,4,3.178
sim_0117,HumanoidArm_v1,VELOCITY_OSCILLATION,medium,shoulderPitch,2026-05-19T14:09:45Z,0.2,0.0,15,18.1387,0.0,3,6.7511,0.00077,2,3.7076,0.0,20,4.9849
sim_0114,IndustrialArm_R6,VELOCITY_OSCILLATION,medium,shoulderPitch,2026-05-19T14:09:30Z,0.2,0.0,26,18.1259,0.0,14,6.6694,0.00074,9,3.7873,0.0,27,4.9841
sim_0087,HumanoidArm_v1,POSITION_DRIFT,medium,elbowPitch,2026-05-19T14:07:15Z,0.2,0.00292,4,22.3563,0.00077,5,1.7391,0.00311,2,2.9824,0.09347,2,4.3989
sim_0159,HumanoidArm_v2,SENSOR_DROPOUT,high,shoulderYaw,2026-05-19T14:13:15Z,0.2,0.00077,12,21.193,0.00322,3,11.7401,0.00624,8,6.3838,0.0027,2,4.8103
sim_0123,HumanoidArm_v2,VELOCITY_OSCILLATION,high,shoulderYaw,2026-05-19T14:10:15Z,0.2,0.00077,14,19.3321,0.0,10,6.7211,0.0,17,3.0755,0.0,27,5.1384
sim_0023,IndustrialArm_R6,JOINT_STUCK,medium,shoulderPitch,2026-05-19T14:01:55Z,0.2,0.0,23,19.4115,0.0,12,6.7176,0.00077,22,3.0799,0.0,0,5.1481
sim_0165,IndustrialArm_R6,NOISE_BURST,low,shoulderPitch,2026-05-19T14:13:45Z,0.2,0.01141,2,21.9796,0.01157,9,3.2446,0.02123,2,3.994,0.00211,1,4.9409
sim_0173,HumanoidArm_v1,NOISE_BURST,medium,shoulderPitch,2026-05-19T14:14:25Z,0.2,0.0,22,19.3803,0.0,17,6.7262,0.0,16,3.0869,0.0,16,5.1402
sim_0057,HumanoidArm_v1,TORQUE_SPIKE,medium,shoulderPitch,2026-05-19T14:04:45Z,0.2,0.0,15,128.9987,0.00382,1,3.3195,0.00193,1,3.1493,0.0,17,2.4603
sim_0148,HumanoidArm_v1,SENSOR_DROPOUT,medium,shoulderPitch,2026-05-19T14:12:20Z,0.2,0.00247,2,18.792,0.00144,1,7.1515,0.00067,3,3.8822,0.00949,1,5.6687
sim_0130,IndustrialArm_R6,VELOCITY_OSCILLATION,high,shoulderYaw,2026-05-19T14:10:50Z,0.2,0.0,26,19.3298,0.0,6,6.793,0.0,23,3.1103,0.0,33,5.134
sim_0020,HumanoidArm_v1,JOINT_STUCK,low,shoulderRoll,2026-05-19T14:01:40Z,0.2,0.00076,19,19.312,0.0,0,6.7554,0.00075,32,3.0877,0.0,19,5.1354
sim_0169,HumanoidArm_v2,NOISE_BURST,low,elbowPitch,2026-05-19T14:14:05Z,0.2,0.0,16,19.2992,0.0,4,6.7175,0.00077,27,3.0842,0.0,31,5.1346
sim_0136,HumanoidArm_v2,SENSOR_DROPOUT,low,elbowPitch,2026-05-19T14:11:20Z,0.2,0.0,13,22.219,0.01372,13,10.5775,0.00995,6,1.7372,0.0,7,3.1159
sim_0135,HumanoidArm_v1,SENSOR_DROPOUT,low,elbowPitch,2026-05-19T14:11:15Z,0.2,0.0,28,19.273,0.0,19,6.751,0.0007,19,3.0865,0.0,19,5.1344
sim_0132,HumanoidArm_v1,SENSOR_DROPOUT,low,shoulderRoll,2026-05-19T14:11:00Z,0.2,0.0,10,22.2685,0.00257,1,0.4249,0.0024,4,2.2625,0.00833,5,4.2878
sim_0145,HumanoidArm_v2,SENSOR_DROPOUT,medium,elbowPitch,2026-05-19T14:12:05Z,0.2,0.00073,3,21.0433,0.01148,7,11.3863,0.01171,5,6.3907,1.38058,2,5.051
sim_0125,HumanoidArm_v2,VELOCITY_OSCILLATION,high,shoulderYaw,2026-05-19T14:10:25Z,0.2,0.00399,3,21.2348,0.00154,21,6.986,0.00077,26,2.7017,0.01116,3,4.7923
sim_0060,IndustrialArm_R6,TORQUE_SPIKE,medium,shoulderPitch,2026-05-19T14:05:00Z,0.2,0.0,20,108.6293,0.0,6,6.718,0.0,27,3.8159,0.0,21,4.9821
sim_0065,HumanoidArm_v2,TORQUE_SPIKE,high,elbowPitch,2026-05-19T14:05:25Z,0.2,0.0,22,18.1309,0.0,7,6.909,0.00081,1,3.5889,0.0,15,47.8391
sim_0153,HumanoidArm_v1,SENSOR_DROPOUT,high,shoulderPitch,2026-05-19T14:12:45Z,0.2,0.40344,3,22.7729,0.00706,3,11.3399,0.00085,14,1.9099,1e-05,22,2.384
sim_0007,HumanoidArm_v2,NOMINAL,none,none,2026-05-19T14:00:35Z,0.2,0.00153,12,20.4757,0.01397,4,10.1486,0.01272,3,5.8772,0.02991,1,5.0685
sim_0092,IndustrialArm_R6,POSITION_DRIFT,high,shoulderPitch,2026-05-19T14:07:40Z,0.2,0.10892,7,21.3064,0.00561,3,11.6681,0.00558,3,6.3878,0.00247,3,4.8327
sim_0071,HumanoidArm_v2,POSITION_DRIFT,low,shoulderPitch,2026-05-19T14:05:55Z,0.2,0.02302,9,19.1707,0.01009,5,8.2188,0.01028,7,4.7228,0.02628,3,4.6988
sim_0015,HumanoidArm_v1,JOINT_STUCK,low,shoulderPitch,2026-05-19T14:01:15Z,0.2,0.0,29,19.2656,0.0,15,6.7288,0.0,0,3.0821,0.0,25,5.1308
sim_0055,IndustrialArm_R6,TORQUE_SPIKE,medium,shoulderYaw,2026-05-19T14:04:35Z,0.2,0.00169,1,22.0837,0.01306,6,3.2142,0.01567,1,23.9638,0.00609,5,4.7835
sim_0050,HumanoidArm_v2,TORQUE_SPIKE,low,shoulderRoll,2026-05-19T14:04:10Z,0.2,0.0,10,21.8343,0.00473,5,60.5343,0.00775,10,6.7679,0.02051,4,3.6105
sim_0154,HumanoidArm_v2,SENSOR_DROPOUT,high,shoulderPitch,2026-05-19T14:12:50Z,0.2,0.29989,16,21.5979,0.01073,14,3.5954,0.00808,13,2.988,0.0,12,5.2443
sim_0157,IndustrialArm_R6,SENSOR_DROPOUT,high,shoulderRoll,2026-05-19T14:13:05Z,0.2,0.0,14,18.1158,0.0,5,6.7375,0.0,7,3.8219,0.0,29,4.9794
sim_0031,HumanoidArm_v1,JOINT_STUCK,high,shoulderPitch,2026-05-19T14:02:35Z,0.2,0.0,30,19.2737,0.0,14,6.7623,0.0,28,3.0857,0.0,0,5.1272
sim_0111,HumanoidArm_v1,VELOCITY_OSCILLATION,medium,elbowPitch,2026-05-19T14:09:15Z,0.2,0.0024,4,19.1707,0.01241,7,8.2188,0.00548,7,4.7228,0.02445,21,4.6988
sim_0175,HumanoidArm_v1,NOISE_BURST,medium,shoulderRoll,2026-05-19T14:14:35Z,0.2,0.00214,9,21.0314,0.0196,23,9.7659,0.01462,8,5.6887,0.04241,9,5.0699
sim_0069,HumanoidArm_v2,TORQUE_SPIKE,high,shoulderRoll,2026-05-19T14:05:45Z,0.2,0.0,16,18.1309,0.0,8,66.3263,0.0023,2,3.7607,0.0,15,4.9897
sim_0179,IndustrialArm_R6,NOISE_BURST,medium,shoulderRoll,2026-05-19T14:14:55Z,0.2,0.0,13,21.5686,0.04588,3,13.2639,0.00609,3,6.701,0.00341,5,2.9997
sim_0122,IndustrialArm_R6,VELOCITY_OSCILLATION,high,shoulderRoll,2026-05-19T14:10:10Z,0.2,5e-05,7,21.9458,0.01164,31,13.3017,0.00075,11,2.8982,0.01492,1,2.9776
sim_0167,HumanoidArm_v2,NOISE_BURST,low,shoulderRoll,2026-05-19T14:13:55Z,0.2,0.00071,4,21.8212,0.00058,22,14.7502,0.00383,8,6.6475,0.02617,1,3.2388
sim_0062,IndustrialArm_R6,TORQUE_SPIKE,high,elbowPitch,2026-05-19T14:05:10Z,0.2,0.00982,1,20.7471,0.0035,6,7.2196,0.00077,7,2.9905,0.02212,3,47.6889
sim_0140,IndustrialArm_R6,SENSOR_DROPOUT,low,shoulderRoll,2026-05-19T14:11:40Z,0.2,0.00077,7,21.6285,0.00527,4,14.4129,0.0034,1,6.6909,0.01316,1,3.4386
sim_0077,IndustrialArm_R6,POSITION_DRIFT,low,shoulderRoll,2026-05-19T14:06:25Z,0.2,0.00077,20,22.0332,0.01442,21,2.5163,0.00567,8,2.7896,0.00078,8,4.8305
sim_0170,IndustrialArm_R6,NOISE_BURST,low,shoulderRoll,2026-05-19T14:14:10Z,0.2,0.0,20,19.3511,0.0,11,6.9048,0.00077,23,3.1136,0.0,16,5.1414
sim_0121,IndustrialArm_R6,VELOCITY_OSCILLATION,high,shoulderYaw,2026-05-19T14:10:05Z,0.2,0.0,16,22.6769,0.00879,1,1.139,0.00532,27,3.1743,0.00773,1,4.6573
sim_0162,HumanoidArm_v2,NOISE_BURST,low,shoulderRoll,2026-05-19T14:13:30Z,0.2,0.0,6,21.1338,0.03551,8,12.4104,0.00452,5,6.6037,0.0,7,3.9035
sim_0068,IndustrialArm_R6,TORQUE_SPIKE,high,shoulderYaw,2026-05-19T14:05:40Z,0.2,0.0,18,19.3157,0.0,12,6.761,0.00076,30,29.546,0.0,20,5.1353
sim_0185,IndustrialArm_R6,NOISE_BURST,high,shoulderYaw,2026-05-19T14:15:25Z,0.2,0.0,36,19.253,0.0,16,6.7273,0.00994,44,3.0873,0.0,33,5.1275
sim_0113,IndustrialArm_R6,VELOCITY_OSCILLATION,medium,elbowPitch,2026-05-19T14:09:25Z,0.2,0.00079,6,22.6769,0.00901,1,1.0358,0.01479,1,3.4681,0.00881,31,5.1753
sim_0042,HumanoidArm_v2,TORQUE_SPIKE,low,shoulderYaw,2026-05-19T14:03:30Z,0.2,0.00049,10,20.4592,0.0023,9,6.9097,0.0,8,11.0158,0.0106,8,4.8329
sim_0156,HumanoidArm_v2,SENSOR_DROPOUT,high,shoulderRoll,2026-05-19T14:13:00Z,0.2,0.00077,12,22.4314,0.01098,2,9.7693,0.00146,2,1.5024,0.00154,7,2.5193
sim_0051,IndustrialArm_R6,TORQUE_SPIKE,medium,shoulderRoll,2026-05-19T14:04:15Z,0.2,0.0,13,18.1155,0.0,6,40.0255,0.0,13,3.7541,0.0,28,4.9844
sim_0151,HumanoidArm_v1,SENSOR_DROPOUT,high,elbowPitch,2026-05-19T14:12:35Z,0.2,0.0,13,22.3959,0.01449,13,9.7693,0.0023,4,1.5024,0.553,9,2.6605
sim_0181,HumanoidArm_v2,NOISE_BURST,high,shoulderRoll,2026-05-19T14:15:05Z,0.2,0.0,1,18.2143,0.0,12,7.824,0.0,24,3.8078,0.0,12,5.0096
sim_0009,IndustrialArm_R6,NOMINAL,none,none,2026-05-19T14:00:45Z,0.2,0.00077,19,19.3365,0.0,17,6.7341,0.0,40,3.0685,0.0,24,5.1347
sim_0174,HumanoidArm_v2,NOISE_BURST,medium,shoulderPitch,2026-05-19T14:14:30Z,0.2,0.28724,4,21.7624,0.00726,3,14.0797,0.00399,1,6.6582,0.00874,2,3.7395
sim_0012,IndustrialArm_R6,JOINT_STUCK,low,shoulderPitch,2026-05-19T14:01:00Z,0.2,0.0,0,22.3563,0.0,8,1.7391,0.00226,10,2.9529,0.01688,3,4.3989
sim_0171,IndustrialArm_R6,NOISE_BURST,medium,elbowPitch,2026-05-19T14:14:15Z,0.2,0.0,16,18.0658,0.0,4,6.7287,0.00077,12,3.7606,0.18091,18,4.979
sim_0086,IndustrialArm_R6,POSITION_DRIFT,medium,shoulderYaw,2026-05-19T14:07:10Z,0.2,0.00435,11,21.658,0.00947,19,4.6179,0.05587,9,3.802,0.00086,10,5.6061
sim_0040,HumanoidArm_v1,JOINT_STUCK,high,shoulderPitch,2026-05-19T14:03:20Z,0.2,0.0,21,18.0765,0.0,12,6.7182,0.0,0,3.7676,0.0,22,4.9783
sim_0096,HumanoidArm_v1,POSITION_DRIFT,high,shoulderPitch,2026-05-19T14:08:00Z,0.2,0.11164,9,21.1406,0.00595,3,6.932,0.00311,2,3.4509,0.01599,3,5.5495
sim_0013,IndustrialArm_R6,JOINT_STUCK,low,shoulderPitch,2026-05-19T14:01:05Z,0.2,0.0,0,22.3439,0.01526,7,12.066,0.00258,1,2.2164,0.00867,1,3.1444
sim_0131,IndustrialArm_R6,SENSOR_DROPOUT,low,shoulderRoll,2026-05-19T14:10:55Z,0.2,0.0,32,19.3487,1.13413,8,6.723,0.00077,16,3.0738,0.0,29,5.1462
sim_0168,IndustrialArm_R6,NOISE_BURST,low,shoulderRoll,2026-05-19T14:14:00Z,0.2,0.00297,7,17.6053,0.00077,25,6.9193,0.0,8,2.9508,0.00639,6,5.2609
sim_0034,IndustrialArm_R6,JOINT_STUCK,high,shoulderPitch,2026-05-19T14:02:50Z,0.2,0.0,13,18.1311,0.0,0,6.7262,0.0,14,3.8219,0.0,19,4.9902
sim_0146,IndustrialArm_R6,SENSOR_DROPOUT,medium,elbowPitch,2026-05-19T14:12:10Z,0.2,0.00077,6,20.8733,0.00368,3,10.6641,0.00508,2,6.0488,1.36831,2,5.0812
sim_0048,IndustrialArm_R6,TORQUE_SPIKE,low,shoulderYaw,2026-05-19T14:04:00Z,0.2,0.0,13,19.3621,0.0,10,6.7474,0.0,33,12.9101,0.0,33,5.1384
sim_0143,IndustrialArm_R6,SENSOR_DROPOUT,medium,shoulderRoll,2026-05-19T14:11:55Z,0.2,0.0,23,19.3436,0.0,8,6.7292,0.00067,21,3.0994,0.0,33,5.1402
sim_0058,HumanoidArm_v1,TORQUE_SPIKE,medium,shoulderRoll,2026-05-19T14:04:50Z,0.2,0.0,6,21.5443,0.0041,7,19.3479,0.00172,13,3.0514,0.00217,4,3.0058
sim_0089,HumanoidArm_v1,POSITION_DRIFT,medium,shoulderYaw,2026-05-19T14:07:25Z,0.2,0.00077,10,19.3205,0.0,11,6.7371,0.05052,27,3.086,0.0,23,5.1406
sim_0017,IndustrialArm_R6,JOINT_STUCK,low,shoulderYaw,2026-05-19T14:01:25Z,0.2,0.0023,2,18.4403,0.00111,12,6.975,0.0,0,2.9247,0.01178,6,5.1971
sim_0090,HumanoidArm_v1,POSITION_DRIFT,medium,shoulderRoll,2026-05-19T14:07:30Z,0.2,0.0,28,19.273,0.04951,19,6.751,0.0007,19,3.0865,0.0,31,5.1344
sim_0049,HumanoidArm_v2,TORQUE_SPIKE,low,shoulderYaw,2026-05-19T14:04:05Z,0.2,0.0015,5,20.7716,0.00299,3,14.8843,0.00035,1,20.3289,0.01201,1,2.5327
sim_0186,HumanoidArm_v2,NOISE_BURST,high,shoulderPitch,2026-05-19T14:15:30Z,0.2,0.01568,15,19.1636,0.0,5,6.7896,0.00077,11,3.1262,0.0,21,5.1972
sim_0182,HumanoidArm_v2,NOISE_BURST,high,shoulderYaw,2026-05-19T14:15:10Z,0.2,0.0,20,18.0675,0.0,11,6.7408,0.0,12,7.6709,0.0,19,4.9791
sim_0187,IndustrialArm_R6,NOISE_BURST,high,shoulderPitch,2026-05-19T14:15:35Z,0.2,0.00076,28,22.5093,0.00746,7,0.2946,0.00611,1,2.8925,0.02512,1,5.0017
sim_0059,HumanoidArm_v1,TORQUE_SPIKE,medium,shoulderPitch,2026-05-19T14:04:55Z,0.2,0.0,20,108.8739,0.0,12,6.8059,0.00011,13,3.6697,0.0,15,4.9883
sim_0099,HumanoidArm_v2,POSITION_DRIFT,high,shoulderPitch,2026-05-19T14:08:15Z,0.2,0.12315,6,22.3948,0.00251,1,8.7347,0.00156,2,1.3425,0.01688,4,3.3392
sim_0056,HumanoidArm_v2,TORQUE_SPIKE,medium,elbowPitch,2026-05-19T14:04:40Z,0.2,0.0,18,18.1565,0.0,4,6.7343,0.00013,2,3.7116,0.0,19,29.9387
sim_0085,HumanoidArm_v2,POSITION_DRIFT,medium,shoulderRoll,2026-05-19T14:07:05Z,0.2,0.00324,9,21.6114,0.07106,14,7.6544,0.00077,11,4.3311,0.02312,9,5.3227
sim_0037,IndustrialArm_R6,JOINT_STUCK,high,shoulderRoll,2026-05-19T14:03:05Z,0.2,0.01226,1,21.3016,0.0,0,7.2142,0.00295,1,1.5724,0.03137,1,3.7458
sim_0032,IndustrialArm_R6,JOINT_STUCK,high,shoulderPitch,2026-05-19T14:02:40Z,0.2,0.0,14,18.1604,0.0,7,6.7164,0.0,0,3.721,0.0,18,4.9969
sim_0003,HumanoidArm_v2,NOMINAL,none,none,2026-05-19T14:00:15Z,0.2,0.0,12,19.3545,0.0,19,6.6957,0.00069,25,3.0913,0.0,24,5.1385
sim_0160,IndustrialArm_R6,SENSOR_DROPOUT,high,elbowPitch,2026-05-19T14:13:20Z,0.2,0.00778,2,22.0133,0.00754,3,4.8724,0.02338,1,4.2363,0.00221,3,5.5193
sim_0041,HumanoidArm_v1,TORQUE_SPIKE,low,shoulderPitch,2026-05-19T14:03:25Z,0.2,0.0,18,81.3227,0.0,16,6.7157,0.0,33,3.0758,0.0,26,5.141
sim_0101,HumanoidArm_v1,VELOCITY_OSCILLATION,low,shoulderPitch,2026-05-19T14:08:25Z,0.2,0.0,20,19.3803,0.0,9,6.7423,0.0,24,3.0847,0.0,17,5.1402
sim_0115,IndustrialArm_R6,VELOCITY_OSCILLATION,medium,elbowPitch,2026-05-19T14:09:35Z,0.2,0.0017,3,21.627,0.00782,10,6.6253,0.00302,9,3.2488,0.02134,16,5.4644
sim_0070,HumanoidArm_v2,TORQUE_SPIKE,high,shoulderRoll,2026-05-19T14:05:50Z,0.2,0.0,18,19.3157,0.0,12,64.906,0.00076,30,3.0777,0.0,20,5.1353
sim_0119,HumanoidArm_v2,VELOCITY_OSCILLATION,medium,shoulderPitch,2026-05-19T14:09:55Z,0.2,0.00201,21,22.7038,0.00153,3,0.6491,0.00355,11,1.8777,0.01672,3,5.6066
sim_0126,HumanoidArm_v2,VELOCITY_OSCILLATION,high,shoulderPitch,2026-05-19T14:10:30Z,0.2,0.0,14,18.1235,0.0,5,6.7741,0.0,11,3.7924,0.0,14,4.9837
sim_0008,IndustrialArm_R6,NOMINAL,none,none,2026-05-19T14:00:40Z,0.2,0.00261,1,22.3563,0.0,8,1.7391,0.00226,10,2.9529,0.01688,3,4.3989
sim_0108,HumanoidArm_v2,VELOCITY_OSCILLATION,low,shoulderRoll,2026-05-19T14:09:00Z,0.2,0.00616,5,21.2278,0.01473,31,13.9479,0.00444,6,3.3521,0.02646,1,2.9421
sim_0064,HumanoidArm_v1,TORQUE_SPIKE,high,shoulderRoll,2026-05-19T14:05:20Z,0.2,0.00077,20,22.0332,0.00891,21,24.1568,0.00567,8,2.7896,0.00078,8,4.8305
sim_0047,IndustrialArm_R6,TORQUE_SPIKE,low,shoulderPitch,2026-05-19T14:03:55Z,0.2,0.0,1,76.5003,0.0,12,6.6805,0.0,24,3.8078,0.0,12,5.0096
sim_0141,IndustrialArm_R6,SENSOR_DROPOUT,medium,shoulderPitch,2026-05-19T14:11:45Z,0.2,0.00307,4,17.368,0.0008,21,6.8541,0.0,6,2.9731,0.00743,8,5.1523
sim_0053,HumanoidArm_v1,TORQUE_SPIKE,medium,shoulderYaw,2026-05-19T14:04:25Z,0.2,0.0,24,18.1238,0.0,11,6.7384,0.00076,6,22.2178,0.0,10,4.975
sim_0080,HumanoidArm_v2,POSITION_DRIFT,low,shoulderRoll,2026-05-19T14:06:40Z,0.2,0.0,24,19.3348,0.0198,13,6.7274,0.00076,14,3.0618,0.0,38,5.1366
sim_0094,HumanoidArm_v2,POSITION_DRIFT,high,shoulderYaw,2026-05-19T14:07:50Z,0.2,0.0023,8,21.1026,0.02055,6,9.4757,0.12383,1,5.4385,0.04306,7,5.0689
sim_0039,HumanoidArm_v1,JOINT_STUCK,high,elbowPitch,2026-05-19T14:03:15Z,0.2,5e-05,7,21.9458,0.01164,1,13.3017,0.00075,11,2.8982,0.0,0,2.9776
sim_0100,IndustrialArm_R6,POSITION_DRIFT,high,elbowPitch,2026-05-19T14:08:20Z,0.2,0.0,20,19.2878,0.0,9,6.7386,0.00076,34,3.0844,0.10892,19,5.1343
sim_0016,HumanoidArm_v2,JOINT_STUCK,low,elbowPitch,2026-05-19T14:01:20Z,0.2,0.0023,2,18.4403,0.00111,12,6.975,0.00077,11,2.9247,0.0,0,5.1971
sim_0116,IndustrialArm_R6,VELOCITY_OSCILLATION,medium,shoulderYaw,2026-05-19T14:09:40Z,0.2,0.0,20,18.0675,0.0,11,6.7408,0.0,22,3.8346,0.0,19,4.9791
sim_0134,HumanoidArm_v1,SENSOR_DROPOUT,low,shoulderRoll,2026-05-19T14:11:10Z,0.2,0.00581,7,21.9299,1.07584,8,7.6822,0.0023,5,4.2836,0.02313,3,5.5919
sim_0082,HumanoidArm_v1,POSITION_DRIFT,medium,shoulderRoll,2026-05-19T14:06:50Z,0.2,0.0,7,21.3064,0.06068,3,11.6681,0.00558,3,6.3878,0.00247,3,4.8327
sim_0091,IndustrialArm_R6,POSITION_DRIFT,high,shoulderPitch,2026-05-19T14:07:35Z,0.2,0.11073,8,22.7421,0.0,6,0.7364,0.0,3,2.5392,0.02908,2,4.8838
sim_0164,HumanoidArm_v2,NOISE_BURST,low,elbowPitch,2026-05-19T14:13:40Z,0.2,0.00163,15,21.0669,0.00076,28,6.7352,0.00024,8,2.5443,0.0075,7,5.2122
sim_0144,HumanoidArm_v2,SENSOR_DROPOUT,medium,shoulderYaw,2026-05-19T14:12:00Z,0.2,0.00194,6,20.8166,0.0,6,7.3091,0.34512,5,4.12,0.01436,8,5.6048
sim_0137,HumanoidArm_v2,SENSOR_DROPOUT,low,shoulderYaw,2026-05-19T14:11:25Z,0.2,0.0,14,18.1345,0.0,6,6.7729,0.32367,25,3.7794,0.0,16,4.9867
sim_0076,HumanoidArm_v1,POSITION_DRIFT,low,elbowPitch,2026-05-19T14:06:20Z,0.2,0.0,9,18.0952,0.0,9,6.7625,0.0,4,3.8072,0.0198,20,4.9798
sim_0021,HumanoidArm_v2,JOINT_STUCK,medium,shoulderRoll,2026-05-19T14:01:45Z,0.2,6e-05,13,20.7897,0.0,0,10.7611,0.00722,4,6.2771,0.00345,1,5.0721
sim_0001,HumanoidArm_v2,NOMINAL,none,none,2026-05-19T14:00:05Z,0.2,0.00324,1,21.4888,0.00757,13,4.5693,0.00154,1,3.6166,0.00133,3,5.6167
sim_0102,IndustrialArm_R6,VELOCITY_OSCILLATION,low,shoulderYaw,2026-05-19T14:08:30Z,0.2,0.0,25,19.3145,0.0,12,6.7926,0.00076,26,3.1034,0.0,22,5.149
sim_0176,HumanoidArm_v1,NOISE_BURST,medium,shoulderPitch,2026-05-19T14:14:40Z,0.2,0.23754,22,18.1309,0.0,7,6.909,0.00081,1,3.5889,0.0,15,4.9832
sim_0005,HumanoidArm_v1,NOMINAL,none,none,2026-05-19T14:00:25Z,0.2,0.00077,7,22.8192,0.00307,4,0.5457,0.00242,2,2.321,0.02759,2,4.9624
sim_0120,HumanoidArm_v1,VELOCITY_OSCILLATION,medium,shoulderRoll,2026-05-19T14:10:00Z,0.2,0.0,20,19.3196,0.0,15,6.8342,0.00076,22,3.0734,0.0,19,5.1351
sim_0083,IndustrialArm_R6,POSITION_DRIFT,medium,elbowPitch,2026-05-19T14:06:55Z,0.2,0.0,4,21.7624,0.00726,3,14.0797,0.00399,1,6.6582,0.0669,2,3.7395
sim_0178,IndustrialArm_R6,NOISE_BURST,medium,shoulderRoll,2026-05-19T14:14:50Z,0.2,0.0,22,19.3298,0.00077,20,6.8152,0.0,25,3.1109,0.0,26,5.14
sim_0011,HumanoidArm_v1,JOINT_STUCK,low,shoulderPitch,2026-05-19T14:00:55Z,0.2,0.0,0,19.3145,0.0,12,6.7926,0.00076,25,3.1034,0.0,22,5.149
sim_0010,IndustrialArm_R6,NOMINAL,none,none,2026-05-19T14:00:50Z,0.2,0.0,10,19.3182,0.0,3,6.7485,0.00066,19,3.0853,0.0,24,5.1403
sim_0027,HumanoidArm_v1,JOINT_STUCK,medium,shoulderPitch,2026-05-19T14:02:15Z,0.2,0.0,16,18.1069,0.0,10,6.7683,0.00148,1,3.7607,0.0,0,4.9941
sim_0075,IndustrialArm_R6,POSITION_DRIFT,low,elbowPitch,2026-05-19T14:06:15Z,0.2,0.00076,2,22.715,0.00537,5,0.3366,0.01431,5,3.1273,0.04173,3,5.2612
sim_0093,HumanoidArm_v2,POSITION_DRIFT,high,elbowPitch,2026-05-19T14:07:45Z,0.2,0.0,10,21.5333,0.012,5,12.7493,0.00659,7,6.6437,0.14773,1,3.686
sim_0026,HumanoidArm_v2,JOINT_STUCK,medium,shoulderPitch,2026-05-19T14:02:10Z,0.2,0.0,15,19.3885,0.0,0,6.7818,9e-05,28,3.0899,0.0,20,5.147
sim_0103,HumanoidArm_v1,VELOCITY_OSCILLATION,low,shoulderYaw,2026-05-19T14:08:35Z,0.2,0.00349,3,21.1921,0.00077,11,6.9788,0.00077,27,2.652,0.00986,10,4.692
sim_0038,IndustrialArm_R6,JOINT_STUCK,high,shoulderPitch,2026-05-19T14:03:10Z,0.2,0.0,15,18.1434,0.0,11,6.647,0.0,0,3.7676,0.0,21,4.9853
sim_0097,HumanoidArm_v1,POSITION_DRIFT,high,shoulderRoll,2026-05-19T14:08:05Z,0.2,0.0,9,19.3135,0.11136,18,7.0588,0.00076,7,2.9,0.01389,2,4.9008
sim_0019,HumanoidArm_v1,JOINT_STUCK,low,shoulderPitch,2026-05-19T14:01:35Z,0.2,0.0,0,18.0842,0.0,10,6.7017,0.0,17,3.7659,0.0,14,4.985
sim_0095,HumanoidArm_v2,POSITION_DRIFT,high,elbowPitch,2026-05-19T14:07:55Z,0.2,0.0,9,22.3705,0.0,8,0.5183,0.00435,8,2.8123,0.14693,1,3.6059
sim_0084,HumanoidArm_v1,POSITION_DRIFT,medium,shoulderRoll,2026-05-19T14:07:00Z,0.2,0.0,16,18.1164,0.04951,11,6.6987,0.0,18,3.7924,0.0,17,4.9893
